<?xml version="1.0" encoding="UTF-8"?>
<phrases>
<trkLocaleName>Ukrainian_Ukraine</trkLocaleName>
<trkBaseClearcaseVersion></trkBaseClearcaseVersion>
<trkTranslationVersion></trkTranslationVersion>

<!-- Display refresh rate values -->
<phrase i="1105" t="Корекція блимання монітора"/>
<phrase i="1104" t="Норм."/>

<!-- New role in CTL file to handle Application Certs -->
<phrase i="1103" t="Сервер додатків"/>

<!-- Unified CM Details -->
<phrase i="1102" t="Unified CM"/>

<!-- Network Protocol addition to Call Stats -->
<phrase i="1101" t="Мережевий протокол"/>

<!-- Added MIDP Phrases -->
<phrase i="1100" t="Персональний каталог"/>
<phrase i="1099" t="Корпоративний каталог"/>
<phrase i="1098" t="Відсутні налаштування служб"/>
<phrase i="1097" t="OK"/>
<phrase i="1096" t="Параметри..."/>
<phrase i="999" t="am"/>
<phrase i="998" t="pm"/>
<phrase i="997" t="Видалити дані"/>
<phrase i="996" t="Розмір додатку"/>
<phrase i="995" t="Розмір даних додатку"/>
<phrase i="994" t="Байти"/>
<phrase i="993" t="Помилка, зверніться до адміністратора"/>
<phrase i="992" t="Завершення роботи додатку..."/>
<phrase i="991" t="Інсталяція відмінена"/>
<phrase i="990" t="Інсталяція додатку..."/>
<phrase i="989" t="Запуск приложения..."/>

<!-- Added [987-988] IPv6 Validation Messages -->
<phrase i="988" t="Помилкова довжина префікса IPv6"/>
<phrase i="987" t="Помилкова адреса IPv6"/>

<!-- Added [986] Bananarama -->
<phrase i="986" t="%s %s-кнопка лінії"/>

<!-- Added [984 - 985] LCD flicker -->
<phrase i="985" t="%d Гц"/>
<phrase i="984" t="Частота оновлення зображення"/>

<!-- Added [971-983] IPv6 (Network Configuration->IPv6 Configuration) -->
<phrase i="983" t="IPv6 додатковий TFTP"/>
<phrase i="982" t="IPv6 TFTP сервер 2"/>
<phrase i="981" t="IPv6 TFTP сервер 1"/>
<phrase i="980" t="DHCPv6 адреса звільнена"/>
<phrase i="979" t="IPv6 DNS сервер 2"/>
<phrase i="978" t="IPv6 DNS сервер 1"/>
<phrase i="977" t="IPv6 маршрутизатор по замовчуванню 2"/>
<phrase i="976" t="IPv6 маршрутизатор по замовчуванню 1"/>
<phrase i="975" t="Довжина префікса IPv6"/>
<phrase i="974" t="Адрес IPv6"/>
<phrase i="973" t="DHCPv6"/>
<phrase i="972" t="Конфігурація IPv6"/>
<phrase i="971" t="Конфігурація IPv4"/>

<!-- Added [970-970] IPv6 (Security Configuration) -->
<phrase i="970" t="IPv6 CAPF сервер"/>

<!-- Added [960-969] IPv6 (Device Configuration->Network Configuration) -->
<phrase i="969" t="IPv6 сервер журналів"/>
<phrase i="968" t="IPv6 сервер завантаження"/>
<phrase i="967" t="Автоматична конфігурація IP"/>
<phrase i="966" t="V6"/>
<phrase i="965" t="V4"/>
<phrase i="964" t="Керування основним режимом IP"/>
<phrase i="963" t="Оба (IPv4 и IPv6)"/>
<phrase i="962" t="Тільки IPv6"/>
<phrase i="961" t="Тільки IPv4"/>
<phrase i="960" t="Режим адресації IP"/>

<!-- Added [959] E-Hook -->
<phrase i="959" t="Скидання линії з допомогою гарнітури"/>
<!-- Added [945-951] LLDP-MEDP -->
<phrase i="958" t="LLDP FramesOutTotal"/>
<phrase i="957" t="LLDP AgeoutsTotal"/>
<phrase i="956" t="LLDP FramesDiscardedTotal"/>
<phrase i="955" t="LLDP FramesInErrorsTotal"/>
<phrase i="954" t="LLDP FramesInTotal"/>
<phrase i="953" t="LLDP TLVDiscardedTotal"/>
<phrase i="952" t="LLDP TLVUnrecognizedTotal"/>
<phrase i="951" t="LLDP-MED: порт SW"/>
<phrase i="950" t="LLDP: порт ПК"/>
<phrase i="949" t="Критичний"/>
<phrase i="948" t="Високий"/>
<phrase i="947" t="Низький"/>
<phrase i="946" t="LLDP-об'єкт"/>
<phrase i="945" t="LLDP пріоритизація напруги"/>
<phrase i="944" t="Альтернативн. %s"/>
<phrase i="943" t="Персонализація"/>
<phrase i="942" t="Втручання одною кнопкою"/>
<phrase i="941" t="CDP: порт ПК"/>
<phrase i="940" t="CDP: порт SW"/>
<phrase i="934" t="Викорстовувати стандартні налаштування"/>
<phrase i="933" t="Оповіщ про G.722 дан.  телеф"/>
<phrase i="932" t="Оповіщ про G.722 вс телеф комп"/>
<phrase i="931" t="Використовувати параметер телефону за замовчуванням"/>
<phrase i="930" t="Контр. шир. трубки інтерфейсом"/>
<phrase i="929" t="Кер широкопол гарнітурою"/>
<phrase i="928" t="Широкополосна трубка"/>
<phrase i="926" t="Сервер журналів"/>
<phrase i="925" t="Рівноправне спільне використання мікропрограммного забезпечення"/>
<phrase i="924" t="Журнал внітрішніго зв'язку"/>
<phrase i="923" t="Вийшов час очікування"/>
<phrase i="921" t="Утримання дзвінка"/>
<!-- Added new phrases for Firefly II-->
<phrase i="920" t="Таймер программної кнопки &quot;%s&quot;"/>
<phrase i="919" t="Автомат. вибір линії"/>
<phrase i="918" t="Автоматич. вибір виклику"/>
<!-- Added new phrases for OSAGE-->
<phrase i="917" t="Виконується аутентифікація"/>
<phrase i="916" t="Обрати %s"/>
<phrase i="915" t="Успішно - MD5"/>
<phrase i="914" t="Пароль не встан"/>
<phrase i="913" t="Пароль встан"/>
<phrase i="912" t="Стан транзакції"/>
<phrase i="911" t="Ввести загальний секретний код"/>
<phrase i="910" t="Загальний секретний код"/>
<phrase i="909" t="Ідентифікатор пристрою"/>
<phrase i="908" t="Стан аутентентифікації 802.1X"/>
<phrase i="907" t="Аутентифікація 802.1X"/>
<phrase i="906" t="Перегляд стану 802.1X"/>
<phrase i="905" t="EAP-MD5"/>
<phrase i="904" t="Аутентификація пристрою"/>
<phrase i="903" t="Обрати параметри аутентифікації 802.1X"/>
<phrase i="902" t="Обрати параметри аутентифікації пристрою"/>
<phrase i="901" t="Отримана"/>
<phrase i="900" t="З'єднання завершено"/>
<!-- Added new phrases for WideWorld-->
<phrase i="899" t="Широкополосная гарнітура"/>
<!-- Added new phrases for RTP Control Protocol-->
<phrase i="898" t="Розмір відправлених даних"/>
<phrase i="897" t="Розмір отриманих даних"/>
<phrase i="896" t="Протокол керування RTP"/>
<phrase i="895" t="Час передачі звіту про приняті дані"/>
<phrase i="894" t="Передано звітів про приняті дані"/>
<phrase i="893" t="Час передачі звіту про відправлені дані"/>
<phrase i="892" t="Передано звітів про відправлені дані"/>
<phrase i="891" t="Стан потоку"/>
<phrase i="890" t="Затримка"/>
<phrase i="889" t="Час отримання звіту про прийняті дані"/>
<phrase i="888" t="Отримано звітів про прийняті дані"/>
<phrase i="887" t="Час отримання звіту про відправлені дані"/>
<phrase i="886" t="Отримано звітів про відправлені дані"/>
<phrase i="885" t="%d мс"/>
<phrase i="884" t="%d%%"/>
<phrase i="883" t="Запис тримвалості тон сигн"/>
<phrase i="882" t="Запис гром сигн кнтрл віддал"/>
<phrase i="881" t="Запис гром сигн кнтрл локлн"/>
<phrase i="880" t="Запис тонального сигналу"/>
<phrase i="879" t="Нема даних"/>
<phrase i="878" t="На %s"/>
<phrase i="877" t="Тривалість"/>
<phrase i="876" t="Відомість про виклик"/>
<phrase i="875" t="Перегляд відомостей про виклик"/>
<phrase i="874" t="Вище"/>
<phrase i="873" t="Нище"/>
<phrase i="872" t="Рівний"/>
<phrase i="871" t="Восст приоритета фокуса"/>
<phrase i="870" t="Запит в режимі очікування..."/>
<phrase i="866" t="Часова зона"/>
<phrase i="865" t="Час"/>
<phrase i="864" t="Дата"/>
<phrase i="863" t="Конфігурація UCM недоступна"/>
<phrase i="862" t="Ні"/>
<phrase i="861" t="Відомості"/>
<phrase i="860" t="Недопустимый сервер завантаження"/>
<phrase i="859" t="Сервер завантаження"/>
<phrase i="858" t="Версія MOS LQK"/>
<phrase i="857" t="Ідентифікатор завантаження DSP"/>
<phrase i="856" t="Одноадресна передача"/>
<phrase i="855" t="Екран протоколу"/>
<phrase i="854" t="Керування з комп'ютера"/>
<phrase i="853" t="Перегдяд статистики викликів"/>
<phrase i="852" t="Секунди со значительной маскировкой голоса"/>
<phrase i="851" t="Секунди с маскировкой голоса"/>
<phrase i="850" t="Максимальний коефіціент маскування"/>
<phrase i="849" t="Коефіціент маскування за інтервал"/>
<phrase i="848" t="Накопичений коефіціент маскування"/>
<phrase i="847" t="Макс. MOS LQK"/>
<phrase i="846" t="Мін. MOS LQK"/>
<phrase i="845" t="Середн. MOS LQK"/>
<phrase i="844" t="MOS LQK"/>
<phrase i="843" t="BLF для списку викликів"/>
<phrase i="842" t="URL"/>
<phrase i="841" t="Номер"/>
<phrase i="840" t="Збій аутентифікації!"/>
<phrase i="839" t="Введіть пароль"/>
<phrase i="838" t="Не налаштовано"/>
<phrase i="837" t="Не в мережі"/>
<phrase i="836" t="В мережі"/>
<phrase i="835" t="Протокол керування викликами"/>
<phrase i="834" t="VLAN ПК"/>
<phrase i="830" t="MIC"/>
<phrase i="829" t="LSC"/>
<phrase i="828" t="Обрати додаток"/>
<phrase i="827" t="Додатки"/>
<phrase i="826" t="Не назначений"/>
<phrase i="825" t="Номер швидкого набору"/>
<phrase i="824" t="Гру"/>
<phrase i="823" t="Лис"/>
<phrase i="822" t="Жов"/>
<phrase i="821" t="Вер"/>
<phrase i="820" t="Сер"/>
<phrase i="819" t="Лип"/>
<phrase i="818" t="Чер"/>
<phrase i="817" t="Тра"/>
<phrase i="816" t="Кві"/>
<phrase i="815" t="Бер"/>
<phrase i="814" t="Лют"/>
<phrase i="813" t="Січ"/>
<phrase i="812" t="Грудень"/>
<phrase i="811" t="Листопад"/>
<phrase i="810" t="Жовтень"/>
<phrase i="809" t="Вересень"/>
<phrase i="808" t="Серпень"/>
<phrase i="807" t="Липень"/>
<phrase i="806" t="Червень"/>
<phrase i="805" t="Травень"/>
<phrase i="804" t="Квітень"/>
<phrase i="803" t="Березень"/>
<phrase i="802" t="Лютий"/>
<phrase i="801" t="Січень"/>
<phrase i="800" t="Сб"/>
<phrase i="799" t="Пт"/>
<phrase i="798" t="Чт"/>
<phrase i="797" t="Ср"/>
<phrase i="796" t="Вт"/>
<phrase i="795" t="Пн"/>
<phrase i="794" t="Нд"/>
<phrase i="793" t="Модуль розширення %d"/>
<phrase i="792" t="Введіть строку"/>
<phrase i="791" t="Дамп ядра"/>
<phrase i="790" t="Протоколи"/>
<phrase i="789" t="Ethernet роз'єднано"/>
<phrase i="788" t="Файл CTL"/>
<phrase i="787" t="Відбій"/>
<phrase i="786" t="Утрим"/>
<phrase i="785" t="Переведення"/>
<phrase i="784" t="Обробка виклику: %s"/>
<phrase i="783" t="Лінія %s зайнята"/>
<phrase i="782" t="Невірний CAPF сервер"/>
<phrase i="781" t="SRST Router"/>
<phrase i="780" t="Список довіри"/>
<phrase i="779" t="По зам."/>
<phrase i="778" t="Контраст"/>
<phrase i="776" t="TFTP сервер"/>
<phrase i="775" t="Сервер CAPF"/>
<phrase i="774" t="Передача в порт комп'ютера"/>
<phrase i="773" t="Відключено"/>
<phrase i="772" t="Включено"/>
<phrase i="770" t="Конфігурація корист. інтерфейсу"/>
<phrase i="769" t="Налаштування QoS"/>
<phrase i="768" t="Конфігурація потоків"/>
<phrase i="767" t="Конфігурація Ethernet"/>
<phrase i="765" t="Конфігурація націон. налаштувань"/>
<phrase i="764" t="Конфігурація HTTP"/>
<phrase i="763" t="Введіть/оберіть номер для викл."/>
<phrase i="762" t="Ввід номера для викл"/>
<phrase i="761" t="Зупинити"/>
<phrase i="760" t="Стрічка авторизації"/>
<phrase i="759" t="Очікування"/>
<phrase i="758" t="Не встановлений"/>
<phrase i="757" t="Встановлено"/>
<phrase i="756" t="Оновлення локал. налаштувань"/>
<phrase i="755" t="TFTP НЕ АВТОРИЗОВАНИЙ"/>
<phrase i="754" t="Блок."/>
<phrase i="753" t="Розблок."/>
<phrase i="752" t="a"/>
<phrase i="751" t="p"/>
<phrase i="750" t="Пропущено викликів: %d"/>
<phrase i="749" t="Rcvr Discarded"/>
<phrase i="748" t="Max Jitter"/>
<phrase i="747" t="Avg Jitter"/>
<phrase i="746" t="Размір відправлених данних: %d мс"/>
<phrase i="745" t="Rcvr Size: %d ms"/>
<phrase i="744" t="Sender Codec"/>
<phrase i="743" t="Rcvr Codec"/>
<phrase i="742" t="Доступ через мережу неможливий"/>
<phrase i="741" t="Erasing %s"/>
<phrase i="740" t="Rx PacketNoDes"/>
<phrase i="739" t="CTL встановл"/>
<phrase i="738" t="CTL не встановл"/>
<phrase i="737" t="Збій при оновленні CTL"/>
<phrase i="736" t="Оновлення CTL"/>
<phrase i="735" t="TFTP not in CTL"/>
<phrase i="734" t="Оберіть параметер"/>
<phrase i="733" t="Налаштування безпеки"/>
<phrase i="732" t="Зашифровано"/>
<phrase i="731" t="Аутентификація виконана"/>
<phrase i="730" t="Не безпечний"/>
<phrase i="729" t="TLS error to "/>
<phrase i="728" t="Обробка..."/>
<phrase i="727" t="Невірний ввід"/>
<phrase i="726" t="Збій при формир. ключа"/>
<phrase i="725" t="Збій з'єднання"/>
<phrase i="724" t="Не вдалося"/>
<phrase i="723" t="Простій"/>
<phrase i="721" t="Запит авторизації..."/>
<phrase i="720" t="З'єднання..."/>
<phrase i="719" t="Retrying CAPF..."/>
<phrase i="718" t="Формування ключів..."/>
<phrase i="717" t="Operation Cancelled"/>
<phrase i="716" t="Оновл. сертифікату"/>
<phrase i="713" t="DSCP для сервісов"/>
<phrase i="712" t="DSCP для конфігурації"/>
<phrase i="711" t="DSCP для керування викликами"/>
<phrase i="710" t="Збій при аутентиф. файлу"/>
<phrase i="709" t="Порт сусіда"/>
<phrase i="708" t="IP сусіда"/>
<phrase i="707" t="Ідент пристрою сусіда"/>
<phrase i="706" t="Від %s"/>
<phrase i="705" t="Переадресовано"/>
<phrase i="704" t="Состояние URL запр службы"/>
<phrase i="703" t="Запит стану ключа функции"/>
<phrase i="698" t="СкорочН"/>
<phrase i="697" t="Перегляд фонового малюнку"/>
<phrase i="696" t="Режим безопасности"/>
<phrase i="695" t="Web-доступ дозволений"/>
<phrase i="694" t="Перегляд"/>
<phrase i="693" t="Виберіть зображення"/>
<phrase i="692" t="Вибір недоступний"/>
<phrase i="689" t="Запит зображення"/>
<phrase i="688" t="Запит список"/>
<phrase i="687" t="Фонове зображення"/>
<phrase i="686" t="Оберіть компонент"/>
<phrase i="685" t="Оберіть службу повідомлень"/>
<phrase i="684" t="Maximum Input Received"/>
<phrase i="683" t="Обрати"/>
<phrase i="682" t="Realm (Область)"/>
<phrase i="681" t="Функц передач видео включн"/>
<phrase i="680" t="Автоматич. вибір лінії включен"/>
<phrase i="679" t="Голосовая VLAN включ."/>
<phrase i="678" t="GARP активний"/>
<phrase i="673" t="Стираються мережеві налаштування"/>
<phrase i="672" t="З'єднання встановлено: %s"/>
<phrase i="671" t="HTTP 404: стоірнка не знайдена"/>
<phrase i="670" t="Defaulting to TFTP сервер"/>
<phrase i="669" t="Load Authenication Failed"/>
<phrase i="668" t="No Files Changed"/>
<phrase i="667" t="Select Port Config"/>
<phrase i="666" t="No Link"/>
<phrase i="665" t="Автоматическое согласование связи"/>
<phrase i="662" t="Оберіть лінію"/>
<phrase i="661" t="Сначала снимите блокировку!"/>
<phrase i="660" t="Debug Mode Off!"/>
<phrase i="659" t="Debug Mode On!"/>
<phrase i="658" t="Налаштування розблоковані!"/>
<phrase i="657" t="Налаштування заблоковані!"/>
<phrase i="656" t="Enter New %s"/>
<phrase i="655" t="Код загруженной ОС"/>
<phrase i="654" t="Код загруженной JVM"/>
<phrase i="652" t="Звуковой сигнал по умолчанию"/>
<phrase i="647" t="Просмотр параметров устройства"/>
<phrase i="646" t="Выберите параметр"/>
<phrase i="645" t="Просмотр конфигурации сети"/>
<phrase i="644" t="Выбрать звуковой тракт"/>
<phrase i="643" t="Выберите пункт меню"/>
<phrase i="642" t="Звуковые сигналы"/>
<phrase i="641" t="Предпочтительные параметры звука"/>
<phrase i="640" t="Користувацькі"/>
<phrase i="639" t="Файл завантаження"/>
<phrase i="638" t="Динамик включений"/>
<phrase i="637" t="Гарнітура включена"/>
<phrase i="636" t="User Locale Char Set"/>
<phrase i="635" t="Параметри пристрою"/>
<phrase i="634" t="Телефон-припинення"/>
<phrase i="633" t="Версія сетевых настр. локализ."/>
<phrase i="632" t="Версія пользов. настр. локализ"/>
<phrase i="631" t="Запит TFTP відмінений"/>
<phrase i="630" t="Dhcp Disabled"/>
<phrase i="629" t="Ip Address Required"/>
<phrase i="628" t="State "/>
<phrase i="627" t="По умлч."/>
<phrase i="626" t="Сообщение в сост. ожидания"/>
<phrase i="625" t="Номер моделі"/>
<phrase i="624" t="Оберіть параметер"/>
<phrase i="623" t="Інформація про модель"/>
<phrase i="608" t="Не підтримується"/>
<phrase i="607" t="Error Updating Locale"/>
<phrase i="606" t="Очікування відповіді %d від %s"/>
<phrase i="605" t="Waiting for %s From %s"/>
<phrase i="604" t="BOOTP сервер"/>
<phrase i="603" t="DHCP сервер"/>
<phrase i="596" t="Серійний номер"/>
<phrase i="595" t="Hardware Revision"/>
<phrase i="594" t="Код завантаження системи"/>
<phrase i="593" t="Код загруженного приложения"/>
<phrase i="592" t="Phone DN"/>
<phrase i="591" t="&gt;&gt;"/>
<phrase i="590" t="Обрати"/>
<phrase i="589" t="Вийти"/>
<phrase i="588" t="Вниз"/>
<phrase i="587" t="Вверх"/>
<phrase i="586" t="Відміна"/>
<phrase i="585" t="Правка"/>
<phrase i="584" t="Ні"/>
<phrase i="583" t="Так"/>
<phrase i="582" t="Відтворити"/>
<phrase i="581" t="Набір"/>
<phrase i="580" t="Редакт"/>
<phrase i="579" t="Зберегти"/>
<phrase i="577" t="Видал"/>
<phrase i="574" t="Перев"/>
<phrase i="572" t="Далі"/>
<phrase i="571" t="Онов"/>
<phrase i="570" t="Очистити"/>
<phrase i="569" t="Ввід"/>
<phrase i="567" t="Network Locale"/>
<phrase i="566" t="User Locale"/>
<phrase i="565" t="Kate File"/>
<phrase i="564" t="Tone File"/>
<phrase i="563" t="Ringer Is Busy!"/>
<phrase i="562" t="TFTP сервер 2"/>
<phrase i="559" t="SW Port Configuration"/>
<phrase i="558" t="PC Port Configuration"/>
<phrase i="557" t="Порт ПК отключен"/>
<phrase i="556" t="Error"/>
<phrase i="555" t="Invalid Argument"/>
<phrase i="554" t="Базовый телефон"/>
<phrase i="553" t="Модули расширения"/>
<phrase i="550" t="Голосовая почта"/>
<phrase i="549" t="Пошта"/>
<phrase i="536" t="UCM-ICMP-недоступен"/>
<phrase i="535" t="Обрати виклик..."/>
<phrase i="534" t="URL прокси-сервера"/>
<phrase i="533" t="URL аутентификации"/>
<phrase i="532" t="Автонабір відмінено!"/>
<phrase i="528" t="HTTP File Error"/>
<phrase i="527" t="XML [4]: Parse Error"/>
<phrase i="526" t="File Create Err"/>
<phrase i="525" t="Last="/>
<phrase i="524" t="Load Rejected HC"/>
<phrase i="523" t="Phone-Reg-Rej"/>
<phrase i="522" t="Reset-Restart"/>
<phrase i="521" t="Reset-Reset"/>
<phrase i="520" t="Phone-Re-IP"/>
<phrase i="519" t="Phone-Keypad"/>
<phrase i="518" t="Phone-Diag."/>
<phrase i="517" t="Failback"/>
<phrase i="516" t="KeepaliveTO"/>
<phrase i="515" t="UCM-получен NAK"/>
<phrase i="514" t="UCM-прервана операция TCP"/>
<phrase i="513" t="UCM-выполнен сброс операции TCP"/>
<phrase i="512" t="TCP-Bad-ACK"/>
<phrase i="511" t="Error Verifying Config Info"/>
<phrase i="510" t="Port Information"/>
<phrase i="509" t="Ethernet Information"/>
<phrase i="508" t="%s Too Large"/>
<phrase i="507" t="От "/>
<phrase i="506" t="Нет записей"/>
<phrase i="505" t="Введите ид польз и пароль"/>
<phrase i="504" t="Пароль"/>
<phrase i="503" t="Имя пользователя"/>
<phrase i="502" t="Выбрать сервис..."/>
<phrase i="501" t="Обработка текущего вызова..."/>
<phrase i="500" t="TFTP Size Error"/>
<phrase i="499" t="Phrase File"/>
<phrase i="498" t="%s Unavailable"/>
<phrase i="497" t="Bad %s"/>
<phrase i="496" t="Log %d"/>
<phrase i="495" t="Access"/>
<phrase i="493" t="Phone"/>
<phrase i="492" t="Network"/>
<phrase i="491" t="Stream %d"/>
<phrase i="490" t="Streaming Statistics"/>
<phrase i="489" t="Device Logs"/>
<phrase i="488" t="Port %d"/>
<phrase i="487" t="Ethernet"/>
<phrase i="486" t="Інформація про пристрій"/>
<phrase i="485" t="Задержка переадресации"/>
<phrase i="484" t="Стереть"/>
<phrase i="483" t="Alternate TFTP"/>
<phrase i="482" t="Освоб DHCP-адр"/>
<phrase i="481" t="DHCP"/>
<phrase i="480" t="Bcast"/>
<phrase i="479" t="REr"/>
<phrase i="478" t="Xmt"/>
<phrase i="477" t="Rcv"/>
<phrase i="476" t="Version"/>
<phrase i="474" t=" ВКЛ "/>
<phrase i="473" t=" ТАК"/>
<phrase i="472" t=" ВІДК"/>
<phrase i="471" t=" НІ"/>
<phrase i="470" t="RTP delay"/>
<phrase i="469" t="TFTP Error"/>
<phrase i="468" t="TFTP Access Error"/>
<phrase i="467" t="Файл не найдений"/>
<phrase i="466" t="Last=0x%02X"/>
<phrase i="465" t="UCM-закрытая операция-TCP"/>
<phrase i="464" t="TCP-timeout"/>
<phrase i="463" t="Initialized"/>
<phrase i="462" t="Name=%15s"/>
<phrase i="461" t="Оновлення ПО"/>
<phrase i="460" t="ROM Checksum Error"/>
<phrase i="459" t=" Load="/>
<phrase i="458" t="Мікрофон вкл"/>
<phrase i="457" t="Мікрофон викл"/>
<phrase i="456" t="Duplicate IP Address"/>
<phrase i="455" t="IP Address Released"/>
<phrase i="454" t="Виконується перезавантаження"/>
<phrase i="453" t="Запит списка серверов"/>
<phrase i="452" t="Запит скорости соединения"/>
<phrase i="451" t="Запит состояния линии"/>
<phrase i="450" t="Запит набора экранных клавиш"/>
<phrase i="449" t="Запит шаблона экранных клавиш"/>
<phrase i="448" t="Запит шаблона"/>
<phrase i="447" t="Verifying Load"/>
<phrase i="445" t="Реєстрація"/>
<phrase i="444" t="Відкриття "/>
<phrase i="443" t="Налаштування списка Unified СМ"/>
<phrase i="442" t="Налаштування IP"/>
<phrase i="441" t="Налаштування VLAN"/>
<phrase i="440" t="%d из %d"/>
<phrase i="439" t="Manufacturing Info Invalid"/>
<phrase i="438" t="XML Error [%d]!"/>
<phrase i="437" t="HTTP Error [%d]!"/>
<phrase i="436" t="Хост не знайдено"/>
<phrase i="435" t="HTTP-запит відмінений"/>
<phrase i="434" t="Переадресація..."/>
<phrase i="433" t="Потрібна авторизація!"/>
<phrase i="432" t="Half"/>
<phrase i="431" t="Полн."/>
<phrase i="430" t="Elapsed Time"/>
<phrase i="420" t="Invalid VLAN"/>
<phrase i="419" t="Invalid IP Address"/>
<phrase i="418" t="Invalid Subnet mask"/>
<phrase i="414" t="BOOTP сервер Used"/>
<phrase i="412" t="Duplicate IP"/>
<phrase i="411" t="No Default Router"/>
<phrase i="409" t="Load ID Incorrect"/>
<phrase i="408" t="No DNS сервер IP"/>
<phrase i="407" t="DNS Timeout"/>
<phrase i="406" t="DNS Unknown Host"/>
<phrase i="405" t="TFTP General Error"/>
<phrase i="404" t="Файл CFG не найдено"/>
<phrase i="403" t="TFTP Timeout"/>
<phrase i="402" t="DHCP Timeout"/>
<phrase i="401" t="Router Required"/>
<phrase i="400" t="Router Not On Subnet"/>
<phrase i="399" t="TFTP сервер обов'язковий"/>
<phrase i="398" t="Невірна інформація"/>
<phrase i="397" t="Гучність трубки збережена!"/>
<phrase i="396" t="Гуч. гарнітури збережена!"/>
<phrase i="395" t="Гуч. динаміка збережена"/>
<phrase i="394" t="Зміни не збережені!"/>
<phrase i="393" t="Зберегти налаштування гучності?"/>
<phrase i="392" t="Введіть дані..."/>
<phrase i="391" t="Сервіси не доступні"/>
<phrase i="390" t="Сервіси"/>
<phrase i="389" t="View Hardware Information"/>
<phrase i="388" t="Hardware Information"/>
<phrase i="387" t="View Debug Information"/>
<phrase i="386" t="Debug Display"/>
<phrase i="385" t="Select Firmware Version Setting"/>
<phrase i="384" t="Версія мікропрограм"/>
<phrase i="383" t="View Network Statistics"/>
<phrase i="382" t="Статистика мережі"/>
<phrase i="381" t="Просмотр сообщений о состоянии"/>
<phrase i="380" t="Entry Validated"/>
<phrase i="379" t="Новий %s:"/>
<phrase i="378" t="Поточний %s:"/>
<phrase i="377" t="Settings Status"/>
<phrase i="376" t="Вибір елемента стану"/>
<phrase i="375" t="Сообщения о состоянии"/>
<phrase i="374" t="Выбрать параметр сети"/>
<phrase i="373" t="Список звук. сигн. не доступен"/>
<phrase i="372" t="Невірн. файл списку зв. сигн.!"/>
<phrase i="371" t="Файл зв. сигналов не доступен!"/>
<phrase i="370" t="Запит файлу дзвінка..."/>
<phrase i="369" t="Тип звукового сигналу"/>
<phrase i="368" t="Выберите звонок"/>
<phrase i="367" t="Запит списку викликів..."/>
<phrase i="366" t="Chirp 2"/>
<phrase i="365" t="Chirp 1"/>
<phrase i="364" t="Зміни прийнято і збережено"/>
<phrase i="362" t="Все изменения сохранены"/>
<phrase i="359" t="Обрати параметер"/>
<phrase i="358" t="Налаштування"/>
<phrase i="357" t="Стан"/>
<phrase i="356" t="Параметри мережі"/>
<phrase i="355" t="Кут огляду"/>
<phrase i="354" t="Уточніть критерій пошуку..."/>
<phrase i="353" t="Нема записів"/>
<phrase i="352" t="Записей: %d"/>
<phrase i="351" t="%s поиск"/>
<phrase i="350" t="Історія викликів очищена!"/>
<phrase i="349" t="Вибрати каталог"/>
<phrase i="348" t="Невірний URL каталога!"/>
<phrase i="347" t="Каталоги"/>
<phrase i="346" t="Вихідні дзвінки"/>
<phrase i="345" t="Прийняті дзвінки"/>
<phrase i="344" t="Пропущені дзвінки"/>
<phrase i="343" t="UCM не работает, функции откл"/>
<phrase i="342" t="%s для"/>
<phrase i="341" t="Ця клавіша не активна"/>
<phrase i="340" t="Запит..."/>
<phrase i="339" t="Статистика викликів"/>
<phrase i="338" t="Довідка"/>
<phrase i="337" t="Выберите параметр или подождите  справки"/>
<phrase i="336" t="Нажмите клавишу ? для отмены..."/>
<phrase i="335" t="Всі поля збережені"/>
<phrase i="334" t="Зміни не збережені"/>
<phrase i="333" t="%d днів, "/>
<phrase i="332" t="1 день, "/>
<phrase i="331" t="%s, о "/>
<phrase i="330" t="%s о "/>
<phrase i="329" t="Вчора о "/>
<phrase i="328" t="Сьогодні о "/>
<phrase i="327" t="Субота"/>
<phrase i="326" t="П'ятниця"/>
<phrase i="325" t="Четвер"/>
<phrase i="324" t="Середа"/>
<phrase i="323" t="Вівторок"/>
<phrase i="322" t="Понеділок"/>
<phrase i="321" t="Неділя"/>
<phrase i="320" t="-&gt; %s"/>
<phrase i="319" t="Невідомий номер"/>
<phrase i="318" t="&lt;- %s"/>
<phrase i="317" t="Для %s"/>
<phrase i="316" t="Переадресація: %s"/>
<phrase i="315" t="Зовнішній виклик"/>
<phrase i="314" t="Викорситовується віддалено"/>
<phrase i="313" t="Пропущено дзвінків: %d"/>
<phrase i="312" t="Rx Longs"/>
<phrase i="311" t="Rx Shorts"/>
<phrase i="310" t="Rx Broadcasts"/>
<phrase i="309" t="Rx Multicasts"/>
<phrase i="308" t="Rx Runt"/>
<phrase i="307" t="Rx Bad Preamble"/>
<phrase i="306" t="Rx CRC Errors"/>
<phrase i="305" t="Rx Frames"/>
<phrase i="304" t="Rx Long/CRC"/>
<phrase i="303" t="Rx Overruns"/>
<phrase i="302" t="Tx Deferred Abort"/>
<phrase i="301" t="Tx Collisions"/>
<phrase i="300" t="Tx Multicasts"/>
<phrase i="299" t="Tx Broadcasts"/>
<phrase i="298" t="Tx Frames"/>
<phrase i="297" t="Tx Excessive Collisions"/>
<phrase i="296" t="overflow Drop"/>
<phrase i="295" t="Tx size1024to1518"/>
<phrase i="294" t="Tx size512to1023"/>
<phrase i="293" t="Tx size256to511"/>
<phrase i="292" t="Tx size128to255"/>
<phrase i="291" t="Tx size65to127"/>
<phrase i="290" t="Tx size64"/>
<phrase i="289" t="Tx totalOct"/>
<phrase i="288" t="Tx multicast"/>
<phrase i="287" t="Tx broadcast"/>
<phrase i="286" t="Tx excessLength"/>
<phrase i="285" t="Tx fifoUnderrun"/>
<phrase i="284" t="Tx collisions"/>
<phrase i="283" t="Tx totalGoodPkt"/>
<phrase i="282" t="Tx lateCollision"/>
<phrase i="281" t="Tx excessDefer"/>
<phrase i="280" t="Rx tokenDrop"/>
<phrase i="279" t="Rx size1519to1548"/>
<phrase i="278" t="Rx size1024to1518"/>
<phrase i="277" t="Rx size512to1023"/>
<phrase i="276" t="Rx size256to511"/>
<phrase i="275" t="Rx size128to255"/>
<phrase i="274" t="Rx size65to127"/>
<phrase i="273" t="Rx size64"/>
<phrase i="272" t="Rx longErr"/>
<phrase i="271" t="Rx longGood"/>
<phrase i="270" t="Rx shortGood"/>
<phrase i="269" t="Rx shortErr"/>
<phrase i="268" t="Rx unicast"/>
<phrase i="267" t="Rx broadcast"/>
<phrase i="266" t="Rx multicast"/>
<phrase i="265" t="Rx alignErr"/>
<phrase i="264" t="Rx crcErr"/>
<phrase i="263" t="Total Octets"/>
<phrase i="262" t="Rx totalPkt"/>
<phrase i="261" t="Carrier Events"/>
<phrase i="260" t="RTP Invalid"/>
<phrase i="259" t="Not In Service"/>
<phrase i="258" t="Not Ready"/>
<phrase i="254" t="Rcvr Octets"/>
<phrase i="253" t="Rcvr Packets"/>
<phrase i="248" t="Rcvr Lost Packets"/>
<phrase i="243" t="Sender Octets"/>
<phrase i="242" t="Sender Packets"/>
<phrase i="241" t="Name"/>
<phrase i="239" t="Start Time"/>
<phrase i="235" t="Local Address"/>
<phrase i="234" t="Remote Address "/>
<phrase i="232" t="Port Fast"/>
<phrase i="230" t="DHCP Disabled"/>
<phrase i="229" t="Время URL бездействия"/>
<phrase i="228" t="URL бездействия"/>
<phrase i="227" t="URL служб"/>
<phrase i="226" t="URL повідомлень"/>
<phrase i="225" t="Directories URL"/>
<phrase i="224" t="URL інформація"/>
<phrase i="218" t="Admin. VLAN Id"/>
<phrase i="217" t="Operational VLAN Id"/>
<phrase i="216" t="DNS сервер 5"/>
<phrase i="215" t="DNS сервер 4"/>
<phrase i="214" t="DNS сервер 3"/>
<phrase i="213" t="DNS сервер 2"/>
<phrase i="212" t="DNS сервер 1"/>
<phrase i="211" t="Default Router 5"/>
<phrase i="210" t="Default Router 4"/>
<phrase i="209" t="Default Router 3"/>
<phrase i="208" t="Default Router 2"/>
<phrase i="207" t="Default Router 1"/>
<phrase i="206" t="TFTP сервер 1"/>
<phrase i="205" t="Маска мережі"/>
<phrase i="204" t="IP Address"/>
<phrase i="203" t="Domain Name"/>
<phrase i="202" t="Host Name"/>
<phrase i="201" t="MAC-адреса"/>
</phrases>
