<?xml version="1.0" encoding="UTF-8"?>
<phrases>
<trkLocaleName>Ukrainian_Ukraine</trkLocaleName>
<trkBaseClearcaseVersion></trkBaseClearcaseVersion>
<trkTranslationVersion></trkTranslationVersion>
	<phrase i="198" t="Нема линій для перехоплення"/>
	<phrase i="197" t="Перевід зовн викликів обмежений"/>
  <phrase i="196" t="Нема полоси пропускан для перехвт"/>
  <phrase i="195" t="Нема доступ викликів для перехоплення"/>
  <phrase i="194" t="Позиц запаркв вызов не доступна"/>
	<phrase i="193" t="Робота в групі пошук завершено"/>
	<phrase i="192" t="HLog"/>
	<phrase i="191" t="OПерехв"/>
	<phrase i="190" t="Перевищено макс. час утрим"/>
	<phrase i="189" t="Перевищ. макс час виклику"/>
	<phrase i="188" t="ВидФрм"/>
	<phrase i="187" t="Полос част видеосиг недост"/>
	<phrase i="186" t="Security Error"/>
	<phrase i="185" t="Номер не налаштований"/>
	<phrase i="184" t="Успешное выполнение Mcid"/>
	<phrase i="183" t="Неможливо об'єднати виклики"/>
	<phrase i="182" t="Неможливо виконати перевід"/>
	<phrase i="181" t="кВтру"/>
	<phrase i="180" t="=&gt;зразу"/>
	<phrase i="179" t="Список"/>
	<phrase i="178" t="Вибір"/>
	<phrase i="177" t="=&gt;звязок"/>
	<phrase i="176" t="ИДЗВ"/>
	<phrase i="175" t="QRT"/>
	<phrase i="174" t="Мережа перевант. Повтор. пізніше"/>
	<phrase i="173" t="Сервіс не активний"/>
	<phrase i="172" t="Повернення запаркованного виклику"/>
	<phrase i="171" t="Нема номерів для парковки"/>
	<phrase i="170" t="Несумісний тип пристроїв"/>
	<phrase i="169" t="Виявлено інше втруч."/>
	<phrase i="168" t="Не вдалося виявити втруч."/>
	<phrase i="167" t="Втрутитися"/>
	<phrase i="166" t="Перевант. мережі,змін.маршрут"/>
	<phrase i="165" t="Передзвонити"/>
	<phrase i="164" t="=&gt;все№"/>
	<phrase i="163" t="НеТурб"/>
	<phrase i="162" t="=&gt;пошта"/>
	<phrase i="161" t="Контр"/>
	<phrase i="160" t="Перехват"/>
	<phrase i="159" t="Переадресація"/>
	<phrase i="158" t="Голосова пошта"/>
	<phrase i="157" t="ВимкУч"/>
	<phrase i="156" t="Невідомий номер"/>
	<phrase i="155" t="Недостатньо швидкості"/>
	<phrase i="154" t="Конфіденціальний"/>
	<phrase i="153" t="Номер парковки"/>
	<phrase i="152" t="Конференція"/>
	<phrase i="151" t="Error Mismatch"/>
	<phrase i="150" t="Невідома помилка"/>
	<phrase i="149" t="Error Pass Limit"/>
	<phrase i="148" t="Error Database"/>
	<phrase i="147" t="Error DBConfig"/>
	<phrase i="146" t="Error No License"/>
	<phrase i="145" t="Клавіша не активна"/>
	<phrase i="144" t="Перевищена кількість участників"/>
	<phrase i="143" t="Нет информации об участнике"/>
	<phrase i="142" t="Вже в конференции"/>
	<phrase i="141" t="Неприпуст учасн конференц"/>
	<phrase i="140" t="Неможливо керувати"/>
	<phrase i="139" t="Нема моста конф.-зв'язку"/>
	<phrase i="138" t="Неможливо створити конференцію"/>
	<phrase i="137" t="Переадресація на"/>
	<phrase i="136" t="Нове голосове повідомлення"/>
	<phrase i="135" t="Тимчасовий збій"/>
	<phrase i="134" t="Тільки основне"/>
	<phrase i="133" t="Виклик запаркований на"/>
	<phrase i="132" t="Введіть номер"/>
	<phrase i="131" t="Використовується віддалено"/>
	<phrase i="130" t="Продовження виклику"/>
	<phrase i="129" t="Парковка виклику"/>
	<phrase i="128" t="Перевод виклику"/>
	<phrase i="127" t="Очікування виклику"/>
	<phrase i="126" t="Лінія зайнята"/>
	<phrase i="125" t="Зайнято"/>
	<phrase i="124" t="З'єднання встановлено"/>
	<phrase i="123" t="Від "/>
	<phrase i="122" t="Виклик"/>
	<phrase i="121" t="Трубка покладена"/>
	<phrase i="120" t="Трубка піднята"/>
	<phrase i="119" t="Поточні параметри користувача"/>
	<phrase i="118" t="ГрПрхв"/>
	<phrase i="117" t="Перехв"/>
	<phrase i="116" t="Конф№"/>
	<phrase i="115" t="-&gt;Конф"/>
	<phrase i="114" t="Парковка"/>
	<phrase i="113" t="Конф"/>
	<phrase i="112" t="Інформація"/>
	<phrase i="111" t="Відповідь"/>
	<phrase i="110" t="Поверн"/>
	<phrase i="109" t="Відбій"/>
	<phrase i="108" t="&lt;&lt;"/>
	<phrase i="107" t="=&gt;неотв"/>
	<phrase i="106" t="=&gt;занят"/>
	<phrase i="105" t="=&gt;все"/>
	<phrase i="104" t="Перевести"/>
	<phrase i="103" t="Утрим"/>
	<phrase i="102" t="Новий"/>
	<phrase i="101" t="Повтор"/>
  <phrase i="59" t="=&gt;все максимум стрибків"/>
  <phrase i="58" t="=&gt;все знайдено шлейф"/>
  <phrase i="57" t="Вкл. режим &quot;не турбувати&quot;"/>
  <phrase i="56" t="Не турбувати"/>
	<phrase i="54" t="Группа пошуку"/>
	<phrase i="53" t="Засіб повідомлень про якість"/>
	<phrase i="52" t="Список участників конференції"/>
	<phrase i="51" t="Заверш.виклик"/>
	<phrase i="49" t="Другий перехват"/>
	<phrase i="48" t="Видалити останнього учасника"/>
	<phrase i="47" t="Підбор групових викликів"/>
	<phrase i="46" t="Ідентифікатор зловмисного виклику"/>
	<phrase i="45" t="Переадресувати все"/>
	<phrase i="44" t="Шепіт"/>
	<phrase i="43" t="Мобільність"/>
	<phrase i="42" t="Неактивний сеанс запису"/>
	<phrase i="41" t="Запись виконується"/>
	<phrase i="40" t="Запись запуск. при акт. вызова"/>
	<phrase i="39" t="Контроль"/>
	<phrase i="38" t="Пристрій не авторизований"/>
	<phrase i="37" t="Відсутні ресурси"/>
	<phrase i="36" t="Збій налаштування"/>
	<phrase i="35" t="Повернення утримуваного виклику"/>
	<phrase i="34" t="Виклик утримується"/>
	<phrase i="33" t="Не готово"/>
	<phrase i="32" t="Готово"/>
	<phrase i="31" t="Зєднати з групой пошуку"/>
	<phrase i="30" t="Виклики в черзі"/>
	<phrase i="29" t="Результати пошуку"/>
	<phrase i="28" t="Записів не знайдено"/>
	<phrase i="27" t="Запис 1 -"/>
	<phrase i="26" t="із"/>
	<phrase i="25" t="Введіть PIN-код"/>
	<phrase i="24" t="Невірний PIN-код"/>
	<phrase i="23" t="Вхід виконаний успішно"/>
	<phrase i="22" t="бслуг. вночі вимкнуте"/>
	<phrase i="21" t="бслуг. вночі включене"/>
	<phrase i="20" t="Обслуговування вночі"/>
	<phrase i="19" t="Введіть критерії пошуку"/>
	<phrase i="18" t="Локальні служби"/>
	<phrase i="17" t="Оберіть службу"/>
	<phrase i="16" t="Адресат пересылки занят"/>
	<phrase i="15" t="Оберіть лінію"/>
	<phrase i="14" t="Внутрішній гучний зв'язок"/>
	<phrase i="13" t="Завершити виклик"/>
	<phrase i="12" t="Ожидание регистрац. с друг серв"/>
	<phrase i="11" t="Досягнуто макс. ксть телефонів"/>
	<phrase i="10" t="Режим резервування CM"/>
  <phrase i="9" t="Виклики,доступні для перехоплення"/>
  <phrase i="6" t="Пристрій в віддаленій мережі"/>
  <phrase i="5" t="Пристрій в домашній мережі"/>
	<phrase i="4" t="Вхід"/>
	<phrase i="3" t="Флеш"/>
	<phrase i="2" t="Об.зап."/>
</phrases>
