<?xml version="1.0" encoding="UTF-8"?>
<phrases>
<trkLocaleName>Ukrainian_Ukraine</trkLocaleName>
<trkBaseClearcaseVersion>0</trkBaseClearcaseVersion>
<trkTranslationVersion>0</trkTranslationVersion>
<phrase i="1095" t="Використовуйте 'Лінія' або '-&gt;Конф' для виконання"/>
<phrase i="1094" t="Помилка правил пароля"/>
<phrase i="1093" t="Шепіт"/>
<phrase i="1092" t="Режим резервування UCM"/>
<phrase i="1091" t="Перезапуск..."/>
<phrase i="1090" t="Інтервал закінчення REG дуже малий"/>
<phrase i="1089" t="Переадресація виклику не прийнята"/>
<phrase i="1088" t="Вже є зєднання"/>
<phrase i="1087" t="Проміжний сервер не доступний, переключення на резерв"/>
<phrase i="1086" t="Виконано перенаправлення виклику"/>
<phrase i="1085" t="Пересилання"/>
<phrase i="1084" t="Функція не доступна"/>
<phrase i="1083" t="Немає викликів"/>
<phrase i="1082" t="Зміна порядку"/>
<phrase i="1081" t="ЗБІЙ конференц-связку - немає КОДЕРА-ДЕКОДЕРА"/>
<phrase i="1080" t="Немає потрібного КОДЕРА-ДЕКОДЕРА"/>
<phrase i="1079" t="Стан сеансу"/>
<phrase i="1078" t="Відправлення виклику"/>
<phrase i="1077" t="Немає вільних ліній"/>
<phrase i="1076" t="Анонімний "/>
<phrase i="1075" t="Анонімний"/>
<phrase i="1074" t="Виявлено помилок при анализе схеми набору номера: %d"/>
<phrase i="1073" t="Не виконана реєстрація REG на резервному проміжному сервері"/>
<phrase i="1072" t="Збій аутентификації REG: помилка сервера в %d"/>
<phrase i="1071" t="Збій аутентификації REG: глобальна помилка в %d"/>
<phrase i="1070" t="Збій аутентификації REG: помилка ??? в %d"/>
<phrase i="1069" t="Не підтримуване повідомлення REG: %s"/>
<phrase i="1068" t="Перевищено допустиму кількість повторних спроб REG"/>
<phrase i="1067" t="Збій аутентификації REG: вийшов час очікування подтверждения відміни реєстрації"/>
<phrase i="1066" t="Збій аутентификації REG: відсутні параметри аутентификації"/>
<phrase i="1065" t="Збій аутентификації REG: истекло время очікування подтверждения"/>
<phrase i="1064" t="Збій аутентификації REG: %s"/>
<phrase i="1063" t="Збій передачи REG: CANCEL REGISTER"/>
<phrase i="1062" t="Збій передачи REG: схема аутентификації REGISTER"/>
<phrase i="1061" t="Збій передачи REG: заголовок аутентификації REGISTER"/>
<phrase i="1060" t="Збій передачи REG: аутентификація REGISTER"/>
<phrase i="1059" t="Збій передачи REG: перенаправлення REGISTER"/>
<phrase i="1058" t="Збій передачи REG: REGISTER"/>
<phrase i="1057" t="В конференції, локальне об'єднання"/>
<phrase i="1056" t="Не надано"/>
<phrase i="1055" t="Журнал викликів BLF включені"/>
<phrase i="1054" t="Динамічний сервер DNS 2"/>
<phrase i="1053" t="Динамічний сервер DNS 1"/>
<phrase i="1052" t="Динамічний сервер TFTP"/>
<phrase i="1051" t="Динамична конфігурація мережі"/>
<phrase i="1050" t="Номер"/>
<phrase i="1049" t="Мітка"/>
<phrase i="1048" t="Лінія"/>
<phrase i="1047" t="параметри лінії"/>
<phrase i="1046" t="Очікувані параметри автоматичної відповіді"/>
<phrase i="1045" t="Очікувані параметри очікування викликів"/>
<phrase i="1044" t="Часова зона"/>
<phrase i="1043" t="Формат дати"/>
<phrase i="1042" t="24-годинний формат часу"/>
<phrase i="1041" t="Конфігурація SIP"/>
<phrase i="1040" t="параметри лінії %s"/>
<phrase i="1039" t="Конфігурація NTP"/>
<phrase i="1038" t="DST авто налаштування"/>
<phrase i="1037" t="Режим NTP"/>
<phrase i="1036" t="Сервер NTP"/>
<phrase i="1035" t="Очікувані параметри виклику"/>
<phrase i="1034" t="Переривчаста індикация наявності повідомлень"/>
<phrase i="1033" t="Зворотній виклик для утримуваного виклику"/>
<phrase i="1032" t="Автоматичне завершення набору номерів"/>
<phrase i="1031" t="Блокування анонімних викликів"/>
<phrase i="1030" t="Блокування ідентифікатора викликаючого абонента"/>
<phrase i="1029" t="Не турбувати"/>
<phrase i="1028" t="Лінія загального доступу"/>
<phrase i="1027" t="Представницький порт"/>
<phrase i="1026" t="Представницька адреса"/>
<phrase i="1025" t="Відображити імя"/>
<phrase i="1024" t="Пароль для аутентификації"/>
<phrase i="1023" t="Ім'я для аутентификації"/>
<phrase i="1022" t="Скорочене ім'я"/>
<phrase i="1021" t="Ім'я"/>
<phrase i="1020" t="Функція"/>
<phrase i="1019" t="Загальна конфігурація SIP"/>
<phrase i="1018" t="Статистика викликів"/>
<phrase i="1017" t="Адреса NAT"/>
<phrase i="1016" t="Включений режим NAT"/>
<phrase i="1015" t="Вихідний представницький порт"/>
<phrase i="1014" t="Виідна представницька лінія"/>
<phrase i="1013" t="Аварійний представницький порт"/>
<phrase i="1012" t="Аварійний порт"/>
<phrase i="1011" t="Резервний представницький порт"/>
<phrase i="1010" t="Резервний порт"/>
<phrase i="1009" t="Кінцевий порт носія"/>
<phrase i="1008" t="Початковий порт носія"/>
<phrase i="1007" t="Увімкнути режим VAD"/>
<phrase i="1006" t="Мітка телефона"/>
<phrase i="1005" t="Каталог TFTP"/>
<phrase i="1004" t="Реєструвати закінчення терміну дії"/>
<phrase i="1003" t="Реєструвати з представницькими лініями"/>
<phrase i="1002" t="Позасмуговий сигнал DTMF"/>
<phrase i="1001" t="Кращий кодер-декодер"/>
<phrase i="1000" t="DSCP для носія"/>
<phrase i="777" t="Уніфікований CM"/>
<phrase i="771" t="Конфигурація уніфікованого CM"/>
<phrase i="429" t="Compression Type Error"/>
<phrase i="428" t="TCP Error Code"/>
<phrase i="427" t="Помилка версії"/>
<phrase i="426" t="Диск повний помилка"/>
<phrase i="421" t="DSP помилка"/>
<phrase i="417" t=" Недоступно."/>
<phrase i="416" t=" Очікування"/>
<phrase i="415" t=" Активний"/>
<phrase i="413" t="Помилка програмування"/>
<phrase i="223" t="Уніфікований CM 5"/>
<phrase i="222" t="Уніфікований CM 4"/>
<phrase i="221" t="Уніфікований CM 3"/>
<phrase i="220" t="Уніфікований CM 2"/>
<phrase i="219" t="Уніфікований CM 1"/>
</phrases>
