<Glyphs>
<Glyph id="0001" w="4" h="7" b="00F0000F"/>
<Glyph id="0002" w="4" h="7" b="00F0880F"/>
<Glyph id="0003" w="1" h="7" b="78"/>
<Glyph id="0004" w="4" h="8" b="404644E4"/>
<Glyph id="0005" w="1" h="1" b="00"/>
<Glyph id="0006" w="1" h="1" b="00"/>
<Glyph id="0007" w="1" h="1" b="00"/>
<Glyph id="0008" w="1" h="1" b="00"/>
<Glyph id="0009" w="1" h="1" b="00"/>
<Glyph id="000A" w="1" h="1" b="00"/>
<Glyph id="000B" w="1" h="1" b="00"/>
<Glyph id="000C" w="1" h="1" b="00"/>
<Glyph id="000D" w="1" h="1" b="00"/>
<Glyph id="000E" w="1" h="1" b="00"/>
<Glyph id="000F" w="1" h="1" b="00"/>
<Glyph id="0010" w="1" h="1" b="00"/>
<Glyph id="0011" w="1" h="1" b="00"/>
<Glyph id="0012" w="1" h="1" b="00"/>
<Glyph id="0013" w="1" h="1" b="00"/>
<Glyph id="0014" w="1" h="1" b="00"/>
<Glyph id="0015" w="1" h="1" b="00"/>
<Glyph id="0016" w="1" h="1" b="00"/>
<Glyph id="0017" w="1" h="1" b="00"/>
<Glyph id="0018" w="1" h="1" b="00"/>
<Glyph id="0019" w="1" h="1" b="00"/>
<Glyph id="001A" w="1" h="1" b="00"/>
<Glyph id="001B" w="1" h="1" b="00"/>
<Glyph id="001C" w="1" h="1" b="00"/>
<Glyph id="001D" w="1" h="1" b="00"/>
<Glyph id="001E" w="1" h="1" b="00"/>
<Glyph id="001F" w="1" h="1" b="00"/>
<Glyph id="0020" w="2" h="1" b="00"/>
<Glyph id="0021" w="1" h="8" b="9E"/>
<Glyph id="0022" w="3" h="3" b="6801"/>
<Glyph id="0023" w="5" h="7" b="00D0AF7E01"/>
<Glyph id="0024" w="5" h="9" b="80B868587604"/>
<Glyph id="0025" w="7" h="8" b="00414982204941"/>
<Glyph id="0026" w="5" h="8" b="40145153B2"/>
<Glyph id="0027" w="1" h="3" b="06"/>
<Glyph id="0028" w="2" h="8" b="5895"/>
<Glyph id="0029" w="2" h="8" b="A46A"/>
<Glyph id="002A" w="5" h="7" b="0090EA2A01"/>
<Glyph id="002B" w="5" h="7" b="0010F20901"/>
<Glyph id="002C" w="2" h="9" b="00C002"/>
<Glyph id="002D" w="3" h="5" b="0070"/>
<Glyph id="002E" w="1" h="8" b="80"/>
<Glyph id="002F" w="3" h="7" b="002104"/>
<Glyph id="0030" w="4" h="8" b="60D99B69"/>
<Glyph id="0031" w="3" h="8" b="D024E9"/>
<Glyph id="0032" w="4" h="8" b="608924F1"/>
<Glyph id="0033" w="4" h="8" b="60898669"/>
<Glyph id="0034" w="4" h="8" b="1055F544"/>
<Glyph id="0035" w="4" h="8" b="F0718869"/>
<Glyph id="0036" w="4" h="8" b="60119769"/>
<Glyph id="0037" w="4" h="8" b="F0482222"/>
<Glyph id="0038" w="4" h="8" b="60999669"/>
<Glyph id="0039" w="4" h="8" b="60998E69"/>
<Glyph id="003A" w="1" h="6" b="28"/>
<Glyph id="003B" w="2" h="9" b="00A201"/>
<Glyph id="003C" w="4" h="8" b="80242184"/>
<Glyph id="003D" w="3" h="6" b="008E03"/>
<Glyph id="003E" w="4" h="8" b="10424812"/>
<Glyph id="003F" w="4" h="8" b="60892420"/>
<Glyph id="0040" w="7" h="8" b="008E2859CD0938"/>
<Glyph id="0041" w="4" h="8" b="60999F99"/>
<Glyph id="0042" w="4" h="8" b="70999779"/>
<Glyph id="0043" w="4" h="8" b="60191169"/>
<Glyph id="0044" w="4" h="8" b="70999979"/>
<Glyph id="0045" w="4" h="8" b="F01117F1"/>
<Glyph id="0046" w="4" h="8" b="F0111711"/>
<Glyph id="0047" w="4" h="8" b="60199DE9"/>
<Glyph id="0048" w="4" h="8" b="90999F99"/>
<Glyph id="0049" w="3" h="8" b="B824E9"/>
<Glyph id="004A" w="4" h="8" b="E0444425"/>
<Glyph id="004B" w="4" h="8" b="90595399"/>
<Glyph id="004C" w="4" h="8" b="101111F1"/>
<Glyph id="004D" w="5" h="8" b="20EE5A638C"/>
<Glyph id="004E" w="5" h="8" b="20C659738C"/>
<Glyph id="004F" w="4" h="8" b="60999969"/>
<Glyph id="0050" w="4" h="8" b="70991711"/>
<Glyph id="0051" w="4" h="9" b="6099996908"/>
<Glyph id="0052" w="4" h="8" b="70999799"/>
<Glyph id="0053" w="4" h="8" b="60198669"/>
<Glyph id="0054" w="5" h="8" b="E013420821"/>
<Glyph id="0055" w="4" h="8" b="90999969"/>
<Glyph id="0056" w="5" h="8" b="20C618A322"/>
<Glyph id="0057" w="5" h="8" b="20C65A6B55"/>
<Glyph id="0058" w="5" h="8" b="204645548C"/>
<Glyph id="0059" w="5" h="8" b="20C6A80821"/>
<Glyph id="005A" w="5" h="8" b="E0434444F8"/>
<Glyph id="005B" w="2" h="8" b="5CD5"/>
<Glyph id="005C" w="3" h="7" b="402010"/>
<Glyph id="005D" w="2" h="8" b="ACEA"/>
<Glyph id="005E" w="3" h="3" b="5001"/>
<Glyph id="005F" w="3" h="8" b="0000E0"/>
<Glyph id="0060" w="2" h="3" b="24"/>
<Glyph id="0061" w="4" h="8" b="00E099AD"/>
<Glyph id="0062" w="4" h="8" b="10719969"/>
<Glyph id="0063" w="4" h="8" b="00E019E1"/>
<Glyph id="0064" w="4" h="8" b="80E899E9"/>
<Glyph id="0065" w="4" h="8" b="0060F961"/>
<Glyph id="0066" w="4" h="8" b="402A2722"/>
<Glyph id="0067" w="4" h="9" b="00E0998E06"/>
<Glyph id="0068" w="4" h="8" b="10719999"/>
<Glyph id="0069" w="2" h="8" b="C8AA"/>
<Glyph id="006A" w="3" h="8" b="204C56"/>
<Glyph id="006B" w="4" h="8" b="10913595"/>
<Glyph id="006C" w="2" h="8" b="ACAA"/>
<Glyph id="006D" w="5" h="8" b="0080556BAD"/>
<Glyph id="006E" w="4" h="8" b="00709999"/>
<Glyph id="006F" w="4" h="8" b="00609969"/>
<Glyph id="0070" w="4" h="9" b="0070991701"/>
<Glyph id="0071" w="4" h="9" b="00E0998E08"/>
<Glyph id="0072" w="4" h="8" b="00D01311"/>
<Glyph id="0073" w="4" h="8" b="00E06178"/>
<Glyph id="0074" w="4" h="8" b="2072224A"/>
<Glyph id="0075" w="4" h="8" b="009099E9"/>
<Glyph id="0076" w="3" h="8" b="00DA56"/>
<Glyph id="0077" w="5" h="8" b="00805A6B75"/>
<Glyph id="0078" w="5" h="8" b="0080A8888A"/>
<Glyph id="0079" w="4" h="9" b="0090998E06"/>
<Glyph id="007A" w="3" h="8" b="004EE5"/>
<Glyph id="007B" w="3" h="9" b="94144904"/>
<Glyph id="007C" w="1" h="8" b="EE"/>
<Glyph id="007D" w="3" h="9" b="91444901"/>
<Glyph id="007E" w="5" h="3" b="C026"/>
<Glyph id="007F" w="1" h="1" b="00"/>
<Glyph id="0080" w="5" h="8" b="E00927A554"/>
<Glyph id="0081" w="3" h="8" b="7A9224"/>
<Glyph id="0082" w="1" h="9" b="8001"/>
<Glyph id="0083" w="4" h="8" b="40721111"/>
<Glyph id="0084" w="3" h="9" b="0000A005"/>
<Glyph id="0085" w="5" h="8" b="00000000A8"/>
<Glyph id="0086" w="5" h="10" b="80904F08218400"/>
<Glyph id="0087" w="5" h="10" b="80904F08F98400"/>
<Glyph id="0088" w="5" h="8" b="808B2FBEE0"/>
<Glyph id="0089" w="10" h="8" b="004850810208A0442D49"/>
<Glyph id="008A" w="8" h="8" b="001E121272929271"/>
<Glyph id="008B" w="3" h="8" b="00A888"/>
<Glyph id="008C" w="7" h="8" b="804422F14B2673"/>
<Glyph id="008D" w="4" h="8" b="94555395"/>
<Glyph id="008E" w="5" h="8" b="E00927A594"/>
<Glyph id="008F" w="5" h="10" b="20C61863FC8400"/>
<Glyph id="0090" w="4" h="10" b="70719999C8"/>
<Glyph id="0091" w="2" h="3" b="24"/>
<Glyph id="0092" w="2" h="3" b="18"/>
<Glyph id="0093" w="3" h="3" b="6801"/>
<Glyph id="0094" w="3" h="3" b="6801"/>
<Glyph id="0095" w="2" h="6" b="000F"/>
<Glyph id="0096" w="5" h="6" b="0000003E"/>
<Glyph id="0097" w="9" h="6" b="0000000000E03F"/>
<Glyph id="0098" w="5" h="8" b="00800A2AA8"/>
<Glyph id="0099" w="8" h="5" b="008FDAAA8A"/>
<Glyph id="009A" w="7" h="8" b="0000C023914BE7"/>
<Glyph id="009B" w="3" h="8" b="00222A"/>
<Glyph id="009C" w="6" h="8" b="000024C99FE6"/>
<Glyph id="009D" w="3" h="8" b="20BAB5"/>
<Glyph id="009E" w="4" h="8" b="70719999"/>
<Glyph id="009F" w="4" h="10" b="009099F944"/>
<Glyph id="00A0" w="1" h="1" b="00"/>
<Glyph id="00A1" w="5" h="8" b="24C6E8217C"/>
<Glyph id="00A2" w="4" h="10" b="6090998E68"/>
<Glyph id="00A3" w="4" h="8" b="E0444425"/>
<Glyph id="00A4" w="4" h="7" b="00F0990F"/>
<Glyph id="00A5" w="3" h="8" b="7C9224"/>
<Glyph id="00A6" w="1" h="9" b="CE01"/>
<Glyph id="00A7" w="4" h="9" b="9672E99406"/>
<Glyph id="00A8" w="4" h="8" b="FA1117F1"/>
<Glyph id="00A9" w="8" h="8" b="3C4299858599423C"/>
<Glyph id="00AA" w="4" h="8" b="60191769"/>
<Glyph id="00AB" w="8" h="8" b="0088CC663366CC88"/>
<Glyph id="00AC" w="5" h="7" b="0000003E04"/>
<Glyph id="00AD" w="4" h="7" b="0000000F"/>
<Glyph id="00AE" w="8" h="8" b="3C429DA59DA5423C"/>
<Glyph id="00AF" w="3" h="8" b="C525E9"/>
<Glyph id="00B0" w="3" h="4" b="5005"/>
<Glyph id="00B1" w="5" h="7" b="847C42C007"/>
<Glyph id="00B2" w="3" h="8" b="B824E9"/>
<Glyph id="00B3" w="2" h="8" b="C8AA"/>
<Glyph id="00B4" w="3" h="8" b="009F24"/>
<Glyph id="00B5" w="5" h="9" b="008094D20D01"/>
<Glyph id="00B6" w="6" h="8" b="FE7559144551"/>
<Glyph id="00B7" w="1" h="6" b="20"/>
<Glyph id="00B8" w="4" h="8" b="9060F961"/>
<Glyph id="00B9" w="8" h="8" b="0049A9AB4D09E909"/>
<Glyph id="00BA" w="4" h="8" b="00603969"/>
<Glyph id="00BB" w="8" h="8" b="00113366CC663311"/>
<Glyph id="00BC" w="2" h="9" b="88AA01"/>
<Glyph id="00BD" w="4" h="8" b="60198669"/>
<Glyph id="00BE" w="4" h="8" b="00E06178"/>
<Glyph id="00BF" w="3" h="8" b="282649"/>
<Glyph id="00C0" w="4" h="8" b="6099F999"/>
<Glyph id="00C1" w="4" h="8" b="70119779"/>
<Glyph id="00C2" w="4" h="8" b="70999779"/>
<Glyph id="00C3" w="4" h="8" b="F0111111"/>
<Glyph id="00C4" w="5" h="9" b="8029A594FA11"/>
<Glyph id="00C5" w="4" h="8" b="F0111FF1"/>
<Glyph id="00C6" w="5" h="8" b="A056E76AAD"/>
<Glyph id="00C7" w="4" h="8" b="60898469"/>
<Glyph id="00C8" w="5" h="8" b="20E65CE78C"/>
<Glyph id="00C9" w="5" h="8" b="24E65CE78C"/>
<Glyph id="00CA" w="4" h="8" b="90595399"/>
<Glyph id="00CB" w="5" h="8" b="C04B29A58C"/>
<Glyph id="00CC" w="5" h="8" b="20C6BD6B8D"/>
<Glyph id="00CD" w="4" h="8" b="90999F99"/>
<Glyph id="00CE" w="4" h="8" b="60999969"/>
<Glyph id="00CF" w="4" h="8" b="F0999999"/>
<Glyph id="00D0" w="4" h="8" b="70991711"/>
<Glyph id="00D1" w="4" h="8" b="60191169"/>
<Glyph id="00D2" w="5" h="8" b="E013420821"/>
<Glyph id="00D3" w="4" h="8" b="90998E78"/>
<Glyph id="00D4" w="5" h="8" b="C0D55A1D21"/>
<Glyph id="00D5" w="5" h="8" b="204645548C"/>
<Glyph id="00D6" w="5" h="9" b="20A59452FA10"/>
<Glyph id="00D7" w="4" h="8" b="90998E88"/>
<Glyph id="00D8" w="5" h="8" b="A0D65A6BFD"/>
<Glyph id="00D9" w="6" h="9" b="4055555555FD20"/>
<Glyph id="00DA" w="5" h="8" b="6008E1A474"/>
<Glyph id="00DB" w="6" h="8" b="401886679A9E"/>
<Glyph id="00DC" w="4" h="8" b="10119779"/>
<Glyph id="00DD" w="4" h="8" b="60898E69"/>
<Glyph id="00DE" w="6" h="8" b="405696675966"/>
<Glyph id="00DF" w="4" h="8" b="E099E99A"/>
<Glyph id="00E0" w="4" h="8" b="006099AD"/>
<Glyph id="00E1" w="4" h="8" b="80169769"/>
<Glyph id="00E2" w="4" h="8" b="00707979"/>
<Glyph id="00E3" w="3" h="8" b="009E24"/>
<Glyph id="00E4" w="5" h="9" b="0000A794FA11"/>
<Glyph id="00E5" w="4" h="8" b="0060F961"/>
<Glyph id="00E6" w="5" h="8" b="0080EA5CAD"/>
<Glyph id="00E7" w="3" h="8" b="004671"/>
<Glyph id="00E8" w="4" h="8" b="0090BD99"/>
<Glyph id="00E9" w="4" h="8" b="6090BD99"/>
<Glyph id="00EA" w="4" h="8" b="00903595"/>
<Glyph id="00EB" w="4" h="8" b="00E0AA9A"/>
<Glyph id="00EC" w="5" h="8" b="0080B86B8C"/>
<Glyph id="00ED" w="4" h="8" b="0090F999"/>
<Glyph id="00EE" w="4" h="8" b="00609969"/>
<Glyph id="00EF" w="4" h="8" b="00F09999"/>
<Glyph id="00F0" w="4" h="9" b="0070991701"/>
<Glyph id="00F1" w="4" h="8" b="00601969"/>
<Glyph id="00F2" w="3" h="8" b="002E49"/>
<Glyph id="00F3" w="4" h="9" b="0090998E06"/>
<Glyph id="00F4" w="5" h="9" b="0000576B7504"/>
<Glyph id="00F5" w="3" h="8" b="005AB5"/>
<Glyph id="00F6" w="5" h="9" b="00809452FA10"/>
<Glyph id="00F7" w="4" h="8" b="0090E988"/>
<Glyph id="00F8" w="5" h="8" b="00805A6BFD"/>
<Glyph id="00F9" w="6" h="9" b="0000545555FD20"/>
<Glyph id="00FA" w="5" h="8" b="0080219C74"/>
<Glyph id="00FB" w="5" h="8" b="0080186FBE"/>
<Glyph id="00FC" w="4" h="8" b="00107179"/>
<Glyph id="00FD" w="4" h="8" b="0060C969"/>
<Glyph id="00FE" w="6" h="8" b="000064E55966"/>
<Glyph id="00FF" w="4" h="8" b="00E0999E"/>
</Glyphs>
